{
  "controller/mailsend.controller.js.map": 1718270984133,
  "model/models.js": 1718270848387,
  "controller/mailsend.controller.js": 1718270848395,
  "controller/App.controller.js": 1718270848391,
  "manifest.json": 1718270983918,
  "Component.js": 1718270848383,
  "Component-dbg.js": 1718270848383,
  "Component.js.map": 1718270984132,
  "controller/mailsend-dbg.controller.js": 1718270848395,
  "i18n/i18n.properties": 1718270848383,
  "controller/App-dbg.controller.js": 1718270848391,
  "controller/App.controller.js.map": 1718270984134,
  "model/models-dbg.js": 1718270848387,
  "model/models.js.map": 1718270984135,
  "Component-preload.js": 1718270984385,
  "Component-preload.js.map": 1718270984385,
  "view/mailsend.view.xml": 1718270848391,
  "view/App.view.xml": 1718270848391,
  "css/style.css": 1718270848391,
  "index.html": 1718270848383
}